timestamp,stage,taskId,durationMs,queueSize,workerId
1772826808108,DECODE,9000ms,170,0,DefaultDispatcher-worker-13
1772826808110,PROCESS,9000ms,0,0,DefaultDispatcher-worker-13
1772826808228,DECODE,8000ms,276,0,DefaultDispatcher-worker-16
1772826808229,PROCESS,8000ms,0,0,DefaultDispatcher-worker-16
1772826808440,DECODE,5000ms,518,0,DefaultDispatcher-worker-17
1772826808440,PROCESS,5000ms,0,0,DefaultDispatcher-worker-17
1772826808543,DECODE,0ms,221,0,DefaultDispatcher-worker-15
1772826808544,PROCESS,0ms,0,0,DefaultDispatcher-worker-15
1772826808639,DECODE,7000ms,412,0,DefaultDispatcher-worker-46
1772826808639,PROCESS,7000ms,0,0,DefaultDispatcher-worker-46
1772826808763,DECODE,1000ms,845,0,DefaultDispatcher-worker-4
1772826808765,PROCESS,1000ms,0,0,DefaultDispatcher-worker-4
1772826808873,DECODE,15000ms,145,0,DefaultDispatcher-worker-62
1772826808873,PROCESS,15000ms,0,0,DefaultDispatcher-worker-62
1772826808986,DECODE,17000ms,140,0,DefaultDispatcher-worker-20
1772826808986,PROCESS,17000ms,0,0,DefaultDispatcher-worker-20
1772826809114,DECODE,13000ms,171,0,DefaultDispatcher-worker-4
1772826809115,PROCESS,13000ms,0,0,DefaultDispatcher-worker-4
1772826809219,DECODE,12000ms,497,0,DefaultDispatcher-worker-7
1772826809219,PROCESS,12000ms,0,0,DefaultDispatcher-worker-7
1772826809328,DECODE,6000ms,637,0,DefaultDispatcher-worker-14
1772826809329,PROCESS,6000ms,0,0,DefaultDispatcher-worker-14
1772826809445,DECODE,11000ms,1542,0,DefaultDispatcher-worker-10
1772826809445,PROCESS,11000ms,0,0,DefaultDispatcher-worker-10
1772826809544,DECODE,4000ms,1648,0,DefaultDispatcher-worker-11
1772826809545,PROCESS,4000ms,0,0,DefaultDispatcher-worker-11
1772826809670,DECODE,10000ms,1786,0,DefaultDispatcher-worker-18
1772826809671,PROCESS,10000ms,0,0,DefaultDispatcher-worker-18
1772826809774,DECODE,3000ms,722,0,DefaultDispatcher-worker-62
1772826809774,PROCESS,3000ms,0,0,DefaultDispatcher-worker-62
1772826809875,DECODE,18000ms,702,0,DefaultDispatcher-worker-20
1772826809875,PROCESS,18000ms,0,0,DefaultDispatcher-worker-20
1772826810001,DECODE,16000ms,709,0,DefaultDispatcher-worker-4
1772826810001,PROCESS,16000ms,0,0,DefaultDispatcher-worker-4
1772826810093,DECODE,21000ms,701,0,DefaultDispatcher-worker-7
1772826810093,PROCESS,21000ms,0,0,DefaultDispatcher-worker-7
1772826810203,DECODE,23000ms,138,0,DefaultDispatcher-worker-20
1772826810203,PROCESS,23000ms,0,0,DefaultDispatcher-worker-20
1772826810317,DECODE,2000ms,165,0,DefaultDispatcher-worker-4
1772826810318,PROCESS,2000ms,0,0,DefaultDispatcher-worker-4
1772826810418,DECODE,24000ms,133,0,DefaultDispatcher-worker-7
1772826810419,PROCESS,24000ms,0,0,DefaultDispatcher-worker-7
1772826810518,DECODE,42000ms,138,0,DefaultDispatcher-worker-20
1772826810518,PROCESS,42000ms,0,0,DefaultDispatcher-worker-20
1772826810650,DECODE,28000ms,171,0,DefaultDispatcher-worker-18
1772826810651,PROCESS,28000ms,0,0,DefaultDispatcher-worker-18
1772826810784,DECODE,41000ms,211,0,DefaultDispatcher-worker-20
1772826810786,PROCESS,41000ms,0,0,DefaultDispatcher-worker-20
1772826810900,DECODE,39000ms,185,0,DefaultDispatcher-worker-35
1772826810901,PROCESS,39000ms,0,0,DefaultDispatcher-worker-35
1772826811033,DECODE,31000ms,183,0,DefaultDispatcher-worker-18
1772826811034,PROCESS,31000ms,0,0,DefaultDispatcher-worker-18
1772826811138,DECODE,30000ms,171,0,DefaultDispatcher-worker-20
1772826811139,PROCESS,30000ms,0,0,DefaultDispatcher-worker-20
1772826811292,DECODE,29000ms,194,0,DefaultDispatcher-worker-35
1772826811292,PROCESS,29000ms,0,0,DefaultDispatcher-worker-35
1772826811452,DECODE,33000ms,252,0,DefaultDispatcher-worker-18
1772826811453,PROCESS,33000ms,0,0,DefaultDispatcher-worker-18
1772826811543,DECODE,32000ms,182,0,DefaultDispatcher-worker-20
1772826811543,PROCESS,32000ms,0,0,DefaultDispatcher-worker-20
1772826811714,DECODE,22000ms,2196,0,DefaultDispatcher-worker-14
1772826811719,PROCESS,22000ms,0,0,DefaultDispatcher-worker-14
1772826811831,DECODE,25000ms,312,0,DefaultDispatcher-worker-35
1772826811832,PROCESS,25000ms,0,0,DefaultDispatcher-worker-35
1772826811902,DECODE,19000ms,2291,0,DefaultDispatcher-worker-9
1772826811903,PROCESS,19000ms,0,0,DefaultDispatcher-worker-9
1772826812014,DECODE,14000ms,2272,0,DefaultDispatcher-worker-11
1772826812015,PROCESS,14000ms,0,0,DefaultDispatcher-worker-11
1772826812115,DECODE,26000ms,2275,0,DefaultDispatcher-worker-10
1772826812116,PROCESS,26000ms,0,0,DefaultDispatcher-worker-10
1772826812243,DECODE,20000ms,2304,0,DefaultDispatcher-worker-62
1772826812244,PROCESS,20000ms,0,0,DefaultDispatcher-worker-62
1772826812350,DECODE,27000ms,741,0,DefaultDispatcher-worker-18
1772826812350,PROCESS,27000ms,0,0,DefaultDispatcher-worker-18
1772826812464,DECODE,51000ms,642,0,DefaultDispatcher-worker-20
1772826812464,PROCESS,51000ms,0,0,DefaultDispatcher-worker-20
1772826812562,DECODE,34000ms,670,0,DefaultDispatcher-worker-14
1772826812563,PROCESS,34000ms,0,0,DefaultDispatcher-worker-14
1772826812667,DECODE,36000ms,702,0,DefaultDispatcher-worker-7
1772826812670,PROCESS,36000ms,0,0,DefaultDispatcher-worker-7
1772826812761,DECODE,47000ms,690,0,DefaultDispatcher-worker-9
1772826812761,PROCESS,47000ms,0,0,DefaultDispatcher-worker-9
1772826812868,DECODE,50000ms,689,0,DefaultDispatcher-worker-4
1772826812868,PROCESS,50000ms,0,0,DefaultDispatcher-worker-4
1772826812992,DECODE,40000ms,676,0,DefaultDispatcher-worker-35
1772826812993,PROCESS,40000ms,0,0,DefaultDispatcher-worker-35
1772826813098,DECODE,48000ms,686,0,DefaultDispatcher-worker-11
1772826813098,PROCESS,48000ms,0,0,DefaultDispatcher-worker-11
1772826813187,DECODE,49000ms,662,0,DefaultDispatcher-worker-18
1772826813188,PROCESS,49000ms,0,0,DefaultDispatcher-worker-18
1772826813296,DECODE,52000ms,667,0,DefaultDispatcher-worker-34
1772826813297,PROCESS,52000ms,0,0,DefaultDispatcher-worker-34
1772826813404,DECODE,53000ms,676,0,DefaultDispatcher-worker-14
1772826813404,PROCESS,53000ms,0,0,DefaultDispatcher-worker-14
1772826813517,DECODE,57000ms,692,0,DefaultDispatcher-worker-7
1772826813517,PROCESS,57000ms,0,0,DefaultDispatcher-worker-7
1772826813599,DECODE,58000ms,669,0,DefaultDispatcher-worker-9
1772826813599,PROCESS,58000ms,0,0,DefaultDispatcher-worker-9
1772826813691,DECODE,62000ms,628,0,DefaultDispatcher-worker-20
1772826813691,PROCESS,62000ms,0,0,DefaultDispatcher-worker-20
1772826813848,DECODE,65000ms,191,0,DefaultDispatcher-worker-14
1772826813849,PROCESS,65000ms,0,0,DefaultDispatcher-worker-14
1772826813907,DECODE,60000ms,739,0,DefaultDispatcher-worker-35
1772826813908,PROCESS,60000ms,0,0,DefaultDispatcher-worker-35
1772826814008,DECODE,43000ms,748,0,DefaultDispatcher-worker-4
1772826814008,PROCESS,43000ms,0,0,DefaultDispatcher-worker-4
1772826814088,DECODE,64000ms,727,0,DefaultDispatcher-worker-62
1772826814088,PROCESS,64000ms,0,0,DefaultDispatcher-worker-62
1772826814200,DECODE,45000ms,743,0,DefaultDispatcher-worker-34
1772826814200,PROCESS,45000ms,0,0,DefaultDispatcher-worker-34
1772826814290,DECODE,61000ms,717,0,DefaultDispatcher-worker-11
1772826814290,PROCESS,61000ms,0,0,DefaultDispatcher-worker-11
1772826814383,DECODE,56000ms,604,0,DefaultDispatcher-worker-9
1772826814384,PROCESS,56000ms,0,0,DefaultDispatcher-worker-9
1772826814488,DECODE,46000ms,587,0,DefaultDispatcher-worker-20
1772826814489,PROCESS,46000ms,0,0,DefaultDispatcher-worker-20
1772826814592,DECODE,67000ms,621,0,DefaultDispatcher-worker-14
1772826814592,PROCESS,67000ms,0,0,DefaultDispatcher-worker-14
1772826814721,DECODE,59000ms,660,0,DefaultDispatcher-worker-35
1772826814722,PROCESS,59000ms,0,0,DefaultDispatcher-worker-35
1772826814783,DECODE,66000ms,637,0,DefaultDispatcher-worker-4
1772826814784,PROCESS,66000ms,0,0,DefaultDispatcher-worker-4
1772826814899,DECODE,69000ms,636,0,DefaultDispatcher-worker-7
1772826814899,PROCESS,69000ms,0,0,DefaultDispatcher-worker-7
1772826814967,DECODE,35000ms,621,0,DefaultDispatcher-worker-34
1772826814967,PROCESS,35000ms,0,0,DefaultDispatcher-worker-34
1772826815085,DECODE,73000ms,649,0,DefaultDispatcher-worker-11
1772826815085,PROCESS,73000ms,0,0,DefaultDispatcher-worker-11
1772826815184,DECODE,90000ms,632,0,DefaultDispatcher-worker-62
1772826815185,PROCESS,90000ms,0,0,DefaultDispatcher-worker-62
1772826815258,DECODE,80000ms,614,0,DefaultDispatcher-worker-20
1772826815258,PROCESS,80000ms,0,0,DefaultDispatcher-worker-20
1772826815338,DECODE,72000ms,567,0,DefaultDispatcher-worker-14
1772826815339,PROCESS,72000ms,0,0,DefaultDispatcher-worker-14
1772826815440,DECODE,75000ms,603,0,DefaultDispatcher-worker-35
1772826815440,PROCESS,75000ms,0,0,DefaultDispatcher-worker-35
1772826815536,DECODE,63000ms,577,0,DefaultDispatcher-worker-7
1772826815536,PROCESS,63000ms,0,0,DefaultDispatcher-worker-7
1772826815643,DECODE,85000ms,616,0,DefaultDispatcher-worker-10
1772826815644,PROCESS,85000ms,0,0,DefaultDispatcher-worker-10
1772826815743,DECODE,68000ms,605,0,DefaultDispatcher-worker-34
1772826815743,PROCESS,68000ms,0,0,DefaultDispatcher-worker-34
1772826815829,DECODE,76000ms,583,0,DefaultDispatcher-worker-9
1772826815830,PROCESS,76000ms,0,0,DefaultDispatcher-worker-9
1772826815929,DECODE,78000ms,613,0,DefaultDispatcher-worker-62
1772826815929,PROCESS,78000ms,0,0,DefaultDispatcher-worker-62
1772826816044,DECODE,87000ms,642,0,DefaultDispatcher-worker-20
1772826816044,PROCESS,87000ms,0,0,DefaultDispatcher-worker-20
1772826816128,DECODE,86000ms,624,0,DefaultDispatcher-worker-14
1772826816129,PROCESS,86000ms,0,0,DefaultDispatcher-worker-14
1772826816244,DECODE,77000ms,645,0,DefaultDispatcher-worker-35
1772826816245,PROCESS,77000ms,0,0,DefaultDispatcher-worker-35
1772826816348,DECODE,55000ms,643,0,DefaultDispatcher-worker-7
1772826816348,PROCESS,55000ms,0,0,DefaultDispatcher-worker-7
1772826816436,DECODE,71000ms,634,0,DefaultDispatcher-worker-10
1772826816437,PROCESS,71000ms,0,0,DefaultDispatcher-worker-10
1772826816548,DECODE,54000ms,664,0,DefaultDispatcher-worker-34
1772826816549,PROCESS,54000ms,0,0,DefaultDispatcher-worker-34
1772826816653,DECODE,88000ms,647,0,DefaultDispatcher-worker-9
1772826816654,PROCESS,88000ms,0,0,DefaultDispatcher-worker-9
1772826816734,DECODE,84000ms,621,0,DefaultDispatcher-worker-62
1772826816735,PROCESS,84000ms,0,0,DefaultDispatcher-worker-62
1772826816836,DECODE,74000ms,637,0,DefaultDispatcher-worker-20
1772826816837,PROCESS,74000ms,0,0,DefaultDispatcher-worker-20
1772826816941,DECODE,81000ms,640,0,DefaultDispatcher-worker-11
1772826816941,PROCESS,81000ms,0,0,DefaultDispatcher-worker-11
1772826817034,DECODE,79000ms,624,0,DefaultDispatcher-worker-35
1772826817034,PROCESS,79000ms,0,0,DefaultDispatcher-worker-35
1772826817116,DECODE,70000ms,619,0,DefaultDispatcher-worker-14
1772826817117,PROCESS,70000ms,0,0,DefaultDispatcher-worker-14
1772826817218,DECODE,83000ms,608,0,DefaultDispatcher-worker-4
1772826817218,PROCESS,83000ms,0,0,DefaultDispatcher-worker-4
1772826817327,DECODE,89000ms,610,0,DefaultDispatcher-worker-7
1772826817328,PROCESS,89000ms,0,0,DefaultDispatcher-worker-7
1772826817422,DECODE,82000ms,618,0,DefaultDispatcher-worker-34
1772826817423,PROCESS,82000ms,0,0,DefaultDispatcher-worker-34
1772826817504,DECODE,37000ms,598,0,DefaultDispatcher-worker-62
1772826817505,PROCESS,37000ms,0,0,DefaultDispatcher-worker-62
1772826817619,DECODE,38000ms,615,0,DefaultDispatcher-worker-20
1772826817619,PROCESS,38000ms,0,0,DefaultDispatcher-worker-20
1772826817721,DECODE,44000ms,627,0,DefaultDispatcher-worker-11
1772826817722,PROCESS,44000ms,0,0,DefaultDispatcher-worker-11
1772826817823,DECODE,0ms,635,0,DefaultDispatcher-worker-9
1772826817824,PROCESS,0ms,0,0,DefaultDispatcher-worker-9
1772826817913,DECODE,2000ms,625,0,DefaultDispatcher-worker-35
1772826817914,PROCESS,2000ms,0,0,DefaultDispatcher-worker-35
1772826818013,DECODE,3000ms,618,0,DefaultDispatcher-worker-4
1772826818014,PROCESS,3000ms,0,0,DefaultDispatcher-worker-4
1772826818137,DECODE,4000ms,648,0,DefaultDispatcher-worker-14
1772826818138,PROCESS,4000ms,0,0,DefaultDispatcher-worker-14
1772826818235,DECODE,5000ms,658,0,DefaultDispatcher-worker-7
1772826818236,PROCESS,5000ms,0,0,DefaultDispatcher-worker-7
1772826818353,DECODE,10000ms,672,0,DefaultDispatcher-worker-34
1772826818354,PROCESS,10000ms,0,0,DefaultDispatcher-worker-34
1772826818462,DECODE,6000ms,681,0,DefaultDispatcher-worker-10
1772826818462,PROCESS,6000ms,0,0,DefaultDispatcher-worker-10
1772826818582,DECODE,13000ms,688,0,DefaultDispatcher-worker-55
1772826818583,PROCESS,13000ms,0,0,DefaultDispatcher-worker-55
1772826818695,DECODE,11000ms,702,0,DefaultDispatcher-worker-9
1772826818695,PROCESS,11000ms,0,0,DefaultDispatcher-worker-9
1772826818815,DECODE,12000ms,743,0,DefaultDispatcher-worker-35
1772826818815,PROCESS,12000ms,0,0,DefaultDispatcher-worker-35
1772826818904,DECODE,15000ms,707,0,DefaultDispatcher-worker-4
1772826818905,PROCESS,15000ms,0,0,DefaultDispatcher-worker-4
1772826819021,DECODE,7000ms,715,0,DefaultDispatcher-worker-14
1772826819022,PROCESS,7000ms,0,0,DefaultDispatcher-worker-14
1772826819115,DECODE,18000ms,700,0,DefaultDispatcher-worker-7
1772826819115,PROCESS,18000ms,0,0,DefaultDispatcher-worker-7
1772826819219,DECODE,14000ms,699,0,DefaultDispatcher-worker-10
1772826819220,PROCESS,14000ms,0,0,DefaultDispatcher-worker-10
1772826819320,DECODE,20000ms,665,0,DefaultDispatcher-worker-34
1772826819320,PROCESS,20000ms,0,0,DefaultDispatcher-worker-34
1772826819426,DECODE,16000ms,658,0,DefaultDispatcher-worker-11
1772826819427,PROCESS,16000ms,0,0,DefaultDispatcher-worker-11
1772826819547,DECODE,28000ms,665,0,DefaultDispatcher-worker-9
1772826819548,PROCESS,28000ms,0,0,DefaultDispatcher-worker-9
1772826819671,DECODE,22000ms,691,0,DefaultDispatcher-worker-35
1772826819672,PROCESS,22000ms,0,0,DefaultDispatcher-worker-35
1772826819761,DECODE,25000ms,662,0,DefaultDispatcher-worker-4
1772826819761,PROCESS,25000ms,0,0,DefaultDispatcher-worker-4
1772826819856,DECODE,17000ms,675,0,DefaultDispatcher-worker-14
1772826819857,PROCESS,17000ms,0,0,DefaultDispatcher-worker-14
1772826819961,DECODE,33000ms,138,0,DefaultDispatcher-worker-35
1772826819961,PROCESS,33000ms,0,0,DefaultDispatcher-worker-35
1772826820061,DECODE,37000ms,153,0,DefaultDispatcher-worker-4
1772826820062,PROCESS,37000ms,0,0,DefaultDispatcher-worker-4
1772826820167,DECODE,1000ms,877,0,DefaultDispatcher-worker-7
1772826820167,PROCESS,1000ms,0,0,DefaultDispatcher-worker-7
1772826820268,DECODE,34000ms,875,0,DefaultDispatcher-worker-10
1772826820269,PROCESS,34000ms,0,0,DefaultDispatcher-worker-10
1772826820373,DECODE,24000ms,875,0,DefaultDispatcher-worker-34
1772826820373,PROCESS,24000ms,0,0,DefaultDispatcher-worker-34
1772826820441,DECODE,35000ms,825,0,DefaultDispatcher-worker-11
1772826820442,PROCESS,35000ms,0,0,DefaultDispatcher-worker-11
1772826820565,DECODE,41000ms,826,0,DefaultDispatcher-worker-9
1772826820566,PROCESS,41000ms,0,0,DefaultDispatcher-worker-9
1772826820670,DECODE,38000ms,642,0,DefaultDispatcher-worker-14
1772826820671,PROCESS,38000ms,0,0,DefaultDispatcher-worker-14
1772826820770,DECODE,30000ms,655,0,DefaultDispatcher-worker-35
1772826820770,PROCESS,30000ms,0,0,DefaultDispatcher-worker-35
1772826820844,DECODE,43000ms,613,0,DefaultDispatcher-worker-4
1772826820844,PROCESS,43000ms,0,0,DefaultDispatcher-worker-4
1772826820960,DECODE,19000ms,621,0,DefaultDispatcher-worker-7
1772826820960,PROCESS,19000ms,0,0,DefaultDispatcher-worker-7
1772826821052,DECODE,36000ms,629,0,DefaultDispatcher-worker-10
1772826821053,PROCESS,36000ms,0,0,DefaultDispatcher-worker-10
1772826821145,DECODE,40000ms,636,0,DefaultDispatcher-worker-34
1772826821146,PROCESS,40000ms,0,0,DefaultDispatcher-worker-34
1772826821253,DECODE,46000ms,629,0,DefaultDispatcher-worker-62
1772826821254,PROCESS,46000ms,0,0,DefaultDispatcher-worker-62
1772826821329,DECODE,53000ms,588,0,DefaultDispatcher-worker-14
1772826821330,PROCESS,53000ms,0,0,DefaultDispatcher-worker-14
1772826821457,DECODE,27000ms,608,0,DefaultDispatcher-worker-9
1772826821457,PROCESS,27000ms,0,0,DefaultDispatcher-worker-9
1772826821541,DECODE,52000ms,634,0,DefaultDispatcher-worker-35
1772826821542,PROCESS,52000ms,0,0,DefaultDispatcher-worker-35
1772826821642,DECODE,50000ms,619,0,DefaultDispatcher-worker-4
1772826821643,PROCESS,50000ms,0,0,DefaultDispatcher-worker-4
1772826821753,DECODE,45000ms,634,0,DefaultDispatcher-worker-11
1772826821753,PROCESS,45000ms,0,0,DefaultDispatcher-worker-11
1772826821855,DECODE,57000ms,636,0,DefaultDispatcher-worker-10
1772826821856,PROCESS,57000ms,0,0,DefaultDispatcher-worker-10
1772826821955,DECODE,49000ms,630,0,DefaultDispatcher-worker-34
1772826821956,PROCESS,49000ms,0,0,DefaultDispatcher-worker-34
1772826822063,DECODE,42000ms,667,0,DefaultDispatcher-worker-62
1772826822063,PROCESS,42000ms,0,0,DefaultDispatcher-worker-62
1772826822173,DECODE,39000ms,651,0,DefaultDispatcher-worker-14
1772826822173,PROCESS,39000ms,0,0,DefaultDispatcher-worker-14
1772826822269,DECODE,62000ms,650,0,DefaultDispatcher-worker-7
1772826822270,PROCESS,62000ms,0,0,DefaultDispatcher-worker-7
1772826822366,DECODE,60000ms,652,0,DefaultDispatcher-worker-35
1772826822366,PROCESS,60000ms,0,0,DefaultDispatcher-worker-35
1772826822444,DECODE,54000ms,620,0,DefaultDispatcher-worker-4
1772826822444,PROCESS,54000ms,0,0,DefaultDispatcher-worker-4
1772826822584,DECODE,59000ms,163,0,DefaultDispatcher-worker-7
1772826822584,PROCESS,59000ms,0,0,DefaultDispatcher-worker-7
1772826822670,DECODE,23000ms,160,0,DefaultDispatcher-worker-35
1772826822670,PROCESS,23000ms,0,0,DefaultDispatcher-worker-35
1772826822751,DECODE,47000ms,830,0,DefaultDispatcher-worker-11
1772826822751,PROCESS,47000ms,0,0,DefaultDispatcher-worker-11
1772826822816,DECODE,63000ms,786,0,DefaultDispatcher-worker-10
1772826822817,PROCESS,63000ms,0,0,DefaultDispatcher-worker-10
1772826823004,DECODE,21000ms,870,0,DefaultDispatcher-worker-34
1772826823005,PROCESS,21000ms,0,0,DefaultDispatcher-worker-34
1772826823053,DECODE,55000ms,801,0,DefaultDispatcher-worker-62
1772826823054,PROCESS,55000ms,0,0,DefaultDispatcher-worker-62
1772826823137,DECODE,65000ms,803,0,DefaultDispatcher-worker-14
1772826823137,PROCESS,65000ms,0,0,DefaultDispatcher-worker-14
1772826823246,DECODE,68000ms,615,0,DefaultDispatcher-worker-4
1772826823246,PROCESS,68000ms,0,0,DefaultDispatcher-worker-4
1772826823319,DECODE,72000ms,579,0,DefaultDispatcher-worker-9
1772826823319,PROCESS,72000ms,0,0,DefaultDispatcher-worker-9
1772826823400,DECODE,67000ms,580,0,DefaultDispatcher-worker-35
1772826823400,PROCESS,67000ms,0,0,DefaultDispatcher-worker-35
1772826823477,DECODE,26000ms,608,0,DefaultDispatcher-worker-11
1772826823478,PROCESS,26000ms,0,0,DefaultDispatcher-worker-11
1772826823594,DECODE,58000ms,527,0,DefaultDispatcher-worker-40
1772826823594,PROCESS,58000ms,0,0,DefaultDispatcher-worker-40
1772826823651,DECODE,66000ms,529,0,DefaultDispatcher-worker-34
1772826823652,PROCESS,66000ms,0,0,DefaultDispatcher-worker-34
1772826823763,DECODE,56000ms,567,0,DefaultDispatcher-worker-14
1772826823763,PROCESS,56000ms,0,0,DefaultDispatcher-worker-14
1772826823856,DECODE,69000ms,561,0,DefaultDispatcher-worker-7
1772826823856,PROCESS,69000ms,0,0,DefaultDispatcher-worker-7
1772826823930,DECODE,70000ms,563,0,DefaultDispatcher-worker-9
1772826823931,PROCESS,70000ms,0,0,DefaultDispatcher-worker-9
1772826824079,DECODE,77000ms,611,0,DefaultDispatcher-worker-35
1772826824079,PROCESS,77000ms,0,0,DefaultDispatcher-worker-35
1772826824160,DECODE,78000ms,616,0,DefaultDispatcher-worker-4
1772826824180,PROCESS,78000ms,0,0,DefaultDispatcher-worker-4
1772826824243,DECODE,75000ms,596,0,DefaultDispatcher-worker-11
1772826824243,PROCESS,75000ms,0,0,DefaultDispatcher-worker-11
1772826824360,DECODE,76000ms,655,0,DefaultDispatcher-worker-10
1772826824361,PROCESS,76000ms,0,0,DefaultDispatcher-worker-10
1772826824466,DECODE,31000ms,651,0,DefaultDispatcher-worker-34
1772826824466,PROCESS,31000ms,0,0,DefaultDispatcher-worker-34
1772826824566,DECODE,74000ms,657,0,DefaultDispatcher-worker-14
1772826824567,PROCESS,74000ms,0,0,DefaultDispatcher-worker-14
1772826824669,DECODE,80000ms,682,0,DefaultDispatcher-worker-7
1772826824669,PROCESS,80000ms,0,0,DefaultDispatcher-worker-7
1772826824760,DECODE,84000ms,607,0,DefaultDispatcher-worker-9
1772826824760,PROCESS,84000ms,0,0,DefaultDispatcher-worker-9
1772826824878,DECODE,79000ms,634,0,DefaultDispatcher-worker-40
1772826824879,PROCESS,79000ms,0,0,DefaultDispatcher-worker-40
1772826824982,DECODE,82000ms,646,0,DefaultDispatcher-worker-4
1772826824982,PROCESS,82000ms,0,0,DefaultDispatcher-worker-4
1772826825046,DECODE,86000ms,569,0,DefaultDispatcher-worker-11
1772826825047,PROCESS,86000ms,0,0,DefaultDispatcher-worker-11
1772826825148,DECODE,85000ms,604,0,DefaultDispatcher-worker-10
1772826825148,PROCESS,85000ms,0,0,DefaultDispatcher-worker-10
1772826825233,DECODE,89000ms,586,0,DefaultDispatcher-worker-34
1772826825234,PROCESS,89000ms,0,0,DefaultDispatcher-worker-34
1772826825303,DECODE,88000ms,581,0,DefaultDispatcher-worker-14
1772826825303,PROCESS,88000ms,0,0,DefaultDispatcher-worker-14
1772826825424,DECODE,73000ms,613,0,DefaultDispatcher-worker-7
1772826825424,PROCESS,73000ms,0,0,DefaultDispatcher-worker-7
1772826825493,DECODE,71000ms,563,0,DefaultDispatcher-worker-9
1772826825494,PROCESS,71000ms,0,0,DefaultDispatcher-worker-9
1772826825592,DECODE,87000ms,552,0,DefaultDispatcher-worker-40
1772826825592,PROCESS,87000ms,0,0,DefaultDispatcher-worker-40
1772826825706,DECODE,81000ms,605,0,DefaultDispatcher-worker-4
1772826825706,PROCESS,81000ms,0,0,DefaultDispatcher-worker-4
1772826825782,DECODE,83000ms,562,0,DefaultDispatcher-worker-11
1772826825785,PROCESS,83000ms,0,0,DefaultDispatcher-worker-11
1772826825865,DECODE,90000ms,575,0,DefaultDispatcher-worker-10
1772826825866,PROCESS,90000ms,0,0,DefaultDispatcher-worker-10
1772826825960,DECODE,29000ms,598,0,DefaultDispatcher-worker-35
1772826825960,PROCESS,29000ms,0,0,DefaultDispatcher-worker-35
1772826826078,DECODE,32000ms,596,0,DefaultDispatcher-worker-14
1772826826078,PROCESS,32000ms,0,0,DefaultDispatcher-worker-14
1772826826174,DECODE,51000ms,622,0,DefaultDispatcher-worker-7
1772826826175,PROCESS,51000ms,0,0,DefaultDispatcher-worker-7
1772826826268,DECODE,61000ms,623,0,DefaultDispatcher-worker-9
1772826826268,PROCESS,61000ms,0,0,DefaultDispatcher-worker-9
1772826826362,DECODE,44000ms,604,0,DefaultDispatcher-worker-40
1772826826363,PROCESS,44000ms,0,0,DefaultDispatcher-worker-40
1772826826460,DECODE,64000ms,624,0,DefaultDispatcher-worker-4
1772826826461,PROCESS,64000ms,0,0,DefaultDispatcher-worker-4
1772826826580,DECODE,48000ms,658,0,DefaultDispatcher-worker-11
1772826826580,PROCESS,48000ms,0,0,DefaultDispatcher-worker-11
1772826826651,DECODE,140000ms,627,9,DefaultDispatcher-worker-10
1772826826652,PROCESS,140000ms,0,9,DefaultDispatcher-worker-10
1772826826768,DECODE,200000ms,633,9,DefaultDispatcher-worker-35
1772826826770,PROCESS,200000ms,0,9,DefaultDispatcher-worker-35
1772826826875,DECODE,340000ms,625,9,DefaultDispatcher-worker-62
1772826826876,PROCESS,340000ms,0,9,DefaultDispatcher-worker-62
1772826826940,DECODE,350000ms,605,9,DefaultDispatcher-worker-7
1772826826941,PROCESS,350000ms,0,9,DefaultDispatcher-worker-7
1772826827045,DECODE,370000ms,618,9,DefaultDispatcher-worker-9
1772826827045,PROCESS,370000ms,0,9,DefaultDispatcher-worker-9
1772826827143,DECODE,380000ms,613,9,DefaultDispatcher-worker-40
1772826827143,PROCESS,380000ms,0,9,DefaultDispatcher-worker-40
1772826827212,DECODE,141000ms,560,8,DefaultDispatcher-worker-10
1772826827213,PROCESS,141000ms,0,8,DefaultDispatcher-worker-10
1772826827311,DECODE,430000ms,651,9,DefaultDispatcher-worker-4
1772826827311,PROCESS,430000ms,0,9,DefaultDispatcher-worker-4
1772826827384,DECODE,201000ms,613,8,DefaultDispatcher-worker-35
1772826827385,PROCESS,201000ms,0,8,DefaultDispatcher-worker-35
1772826827459,DECODE,341000ms,583,8,DefaultDispatcher-worker-62
1772826827459,PROCESS,341000ms,0,8,DefaultDispatcher-worker-62
1772826827542,DECODE,351000ms,601,8,DefaultDispatcher-worker-7
1772826827542,PROCESS,351000ms,0,8,DefaultDispatcher-worker-7
1772826827634,DECODE,371000ms,589,8,DefaultDispatcher-worker-9
1772826827634,PROCESS,371000ms,0,8,DefaultDispatcher-worker-9
1772826827717,DECODE,381000ms,573,8,DefaultDispatcher-worker-40
1772826827718,PROCESS,381000ms,0,8,DefaultDispatcher-worker-40
1772826827811,DECODE,142000ms,597,7,DefaultDispatcher-worker-10
1772826827811,PROCESS,142000ms,0,7,DefaultDispatcher-worker-10
1772826827895,DECODE,431000ms,584,8,DefaultDispatcher-worker-4
1772826827895,PROCESS,431000ms,0,8,DefaultDispatcher-worker-4
1772826827984,DECODE,202000ms,599,7,DefaultDispatcher-worker-35
1772826827984,PROCESS,202000ms,0,7,DefaultDispatcher-worker-35
1772826828063,DECODE,342000ms,603,7,DefaultDispatcher-worker-62
1772826828064,PROCESS,342000ms,0,7,DefaultDispatcher-worker-62
1772826828163,DECODE,352000ms,621,7,DefaultDispatcher-worker-7
1772826828163,PROCESS,352000ms,0,7,DefaultDispatcher-worker-7
1772826828252,DECODE,372000ms,618,7,DefaultDispatcher-worker-9
1772826828253,PROCESS,372000ms,0,7,DefaultDispatcher-worker-9
1772826828348,DECODE,382000ms,630,7,DefaultDispatcher-worker-40
1772826828348,PROCESS,382000ms,0,7,DefaultDispatcher-worker-40
1772826828439,DECODE,143000ms,628,6,DefaultDispatcher-worker-10
1772826828439,PROCESS,143000ms,0,6,DefaultDispatcher-worker-10
1772826828519,DECODE,432000ms,623,7,DefaultDispatcher-worker-4
1772826828520,PROCESS,432000ms,0,7,DefaultDispatcher-worker-4
1772826828602,DECODE,203000ms,616,6,DefaultDispatcher-worker-35
1772826828603,PROCESS,203000ms,0,6,DefaultDispatcher-worker-35
1772826828692,DECODE,343000ms,628,6,DefaultDispatcher-worker-62
1772826828693,PROCESS,343000ms,0,6,DefaultDispatcher-worker-62
1772826828777,DECODE,353000ms,613,6,DefaultDispatcher-worker-7
1772826828778,PROCESS,353000ms,0,6,DefaultDispatcher-worker-7
1772826828868,DECODE,373000ms,615,6,DefaultDispatcher-worker-9
1772826828868,PROCESS,373000ms,0,6,DefaultDispatcher-worker-9
1772826828959,DECODE,383000ms,611,6,DefaultDispatcher-worker-40
1772826828960,PROCESS,383000ms,0,6,DefaultDispatcher-worker-40
1772826829048,DECODE,144000ms,608,5,DefaultDispatcher-worker-10
1772826829048,PROCESS,144000ms,0,5,DefaultDispatcher-worker-10
1772826829129,DECODE,433000ms,609,6,DefaultDispatcher-worker-4
1772826829130,PROCESS,433000ms,0,6,DefaultDispatcher-worker-4
1772826829213,DECODE,204000ms,610,5,DefaultDispatcher-worker-35
1772826829214,PROCESS,204000ms,0,5,DefaultDispatcher-worker-35
1772826829309,DECODE,344000ms,615,5,DefaultDispatcher-worker-62
1772826829309,PROCESS,344000ms,0,5,DefaultDispatcher-worker-62
1772826829407,DECODE,354000ms,629,5,DefaultDispatcher-worker-7
1772826829408,PROCESS,354000ms,0,5,DefaultDispatcher-worker-7
1772826829498,DECODE,374000ms,629,5,DefaultDispatcher-worker-9
1772826829498,PROCESS,374000ms,0,5,DefaultDispatcher-worker-9
1772826829591,DECODE,384000ms,631,5,DefaultDispatcher-worker-40
1772826829591,PROCESS,384000ms,0,5,DefaultDispatcher-worker-40
1772826829686,DECODE,145000ms,638,4,DefaultDispatcher-worker-10
1772826829686,PROCESS,145000ms,0,4,DefaultDispatcher-worker-10
1772826829774,DECODE,434000ms,644,5,DefaultDispatcher-worker-4
1772826829774,PROCESS,434000ms,0,5,DefaultDispatcher-worker-4
1772826829871,DECODE,205000ms,657,4,DefaultDispatcher-worker-35
1772826829871,PROCESS,205000ms,0,4,DefaultDispatcher-worker-35
1772826829964,DECODE,345000ms,654,4,DefaultDispatcher-worker-62
1772826829965,PROCESS,345000ms,0,4,DefaultDispatcher-worker-62
1772826830063,DECODE,355000ms,655,4,DefaultDispatcher-worker-7
1772826830063,PROCESS,355000ms,0,4,DefaultDispatcher-worker-7
1772826830163,DECODE,375000ms,664,4,DefaultDispatcher-worker-9
1772826830164,PROCESS,375000ms,0,4,DefaultDispatcher-worker-9
1772826830261,DECODE,385000ms,669,4,DefaultDispatcher-worker-40
1772826830262,PROCESS,385000ms,0,4,DefaultDispatcher-worker-40
1772826830349,DECODE,146000ms,662,3,DefaultDispatcher-worker-10
1772826830350,PROCESS,146000ms,0,3,DefaultDispatcher-worker-10
1772826830439,DECODE,435000ms,665,4,DefaultDispatcher-worker-4
1772826830439,PROCESS,435000ms,0,4,DefaultDispatcher-worker-4
1772826830528,DECODE,206000ms,656,3,DefaultDispatcher-worker-35
1772826830528,PROCESS,206000ms,0,3,DefaultDispatcher-worker-35
1772826830621,DECODE,346000ms,656,3,DefaultDispatcher-worker-62
1772826830621,PROCESS,346000ms,0,3,DefaultDispatcher-worker-62
1772826830718,DECODE,356000ms,654,3,DefaultDispatcher-worker-7
1772826830718,PROCESS,356000ms,0,3,DefaultDispatcher-worker-7
1772826830820,DECODE,376000ms,656,3,DefaultDispatcher-worker-9
1772826830821,PROCESS,376000ms,0,3,DefaultDispatcher-worker-9
1772826830908,DECODE,386000ms,646,3,DefaultDispatcher-worker-40
1772826830908,PROCESS,386000ms,0,3,DefaultDispatcher-worker-40
1772826830995,DECODE,147000ms,645,2,DefaultDispatcher-worker-10
1772826830995,PROCESS,147000ms,0,2,DefaultDispatcher-worker-10
1772826831096,DECODE,436000ms,657,3,DefaultDispatcher-worker-4
1772826831097,PROCESS,436000ms,0,3,DefaultDispatcher-worker-4
1772826831189,DECODE,207000ms,661,2,DefaultDispatcher-worker-35
1772826831190,PROCESS,207000ms,0,2,DefaultDispatcher-worker-35
1772826831293,DECODE,347000ms,672,2,DefaultDispatcher-worker-62
1772826831294,PROCESS,347000ms,0,2,DefaultDispatcher-worker-62
1772826831403,DECODE,357000ms,685,2,DefaultDispatcher-worker-7
1772826831403,PROCESS,357000ms,0,2,DefaultDispatcher-worker-7
1772826831488,DECODE,377000ms,667,2,DefaultDispatcher-worker-9
1772826831489,PROCESS,377000ms,0,2,DefaultDispatcher-worker-9
1772826831583,DECODE,387000ms,675,2,DefaultDispatcher-worker-40
1772826831584,PROCESS,387000ms,0,2,DefaultDispatcher-worker-40
1772826831687,DECODE,148000ms,691,1,DefaultDispatcher-worker-10
1772826831688,PROCESS,148000ms,0,1,DefaultDispatcher-worker-10
1772826831774,DECODE,437000ms,677,2,DefaultDispatcher-worker-4
1772826831775,PROCESS,437000ms,0,2,DefaultDispatcher-worker-4
1772826831870,DECODE,208000ms,680,1,DefaultDispatcher-worker-35
1772826831871,PROCESS,208000ms,0,1,DefaultDispatcher-worker-35
1772826831961,DECODE,348000ms,667,1,DefaultDispatcher-worker-62
1772826831961,PROCESS,348000ms,0,1,DefaultDispatcher-worker-62
1772826832050,DECODE,358000ms,647,1,DefaultDispatcher-worker-7
1772826832051,PROCESS,358000ms,0,1,DefaultDispatcher-worker-7
1772826832141,DECODE,378000ms,652,1,DefaultDispatcher-worker-9
1772826832141,PROCESS,378000ms,0,1,DefaultDispatcher-worker-9
1772826832238,DECODE,388000ms,654,1,DefaultDispatcher-worker-40
1772826832238,PROCESS,388000ms,0,1,DefaultDispatcher-worker-40
1772826832334,DECODE,149000ms,644,0,DefaultDispatcher-worker-10
1772826832335,PROCESS,149000ms,0,0,DefaultDispatcher-worker-10
1772826832433,DECODE,438000ms,658,1,DefaultDispatcher-worker-4
1772826832433,PROCESS,438000ms,0,1,DefaultDispatcher-worker-4
1772826832524,DECODE,209000ms,653,0,DefaultDispatcher-worker-35
1772826832525,PROCESS,209000ms,0,0,DefaultDispatcher-worker-35
1772826832611,DECODE,349000ms,650,0,DefaultDispatcher-worker-62
1772826832612,PROCESS,349000ms,0,0,DefaultDispatcher-worker-62
1772826832703,DECODE,359000ms,652,0,DefaultDispatcher-worker-7
1772826832703,PROCESS,359000ms,0,0,DefaultDispatcher-worker-7
1772826832796,DECODE,379000ms,654,0,DefaultDispatcher-worker-9
1772826832796,PROCESS,379000ms,0,0,DefaultDispatcher-worker-9
1772826832885,DECODE,389000ms,646,0,DefaultDispatcher-worker-40
1772826832885,PROCESS,389000ms,0,0,DefaultDispatcher-worker-40
1772826832992,DECODE,440000ms,575,9,DefaultDispatcher-worker-14
1772826832993,PROCESS,440000ms,0,9,DefaultDispatcher-worker-14
1772826833067,DECODE,439000ms,633,0,DefaultDispatcher-worker-4
1772826833068,PROCESS,439000ms,0,0,DefaultDispatcher-worker-4
1772826833180,DECODE,450000ms,582,9,DefaultDispatcher-worker-61
1772826833181,PROCESS,450000ms,0,9,DefaultDispatcher-worker-61
1772826833285,DECODE,460000ms,595,9,DefaultDispatcher-worker-15
1772826833286,PROCESS,460000ms,0,9,DefaultDispatcher-worker-15
1772826833383,DECODE,540000ms,592,9,DefaultDispatcher-worker-35
1772826833383,PROCESS,540000ms,0,9,DefaultDispatcher-worker-35
1772826833501,DECODE,550000ms,622,9,DefaultDispatcher-worker-62
1772826833502,PROCESS,550000ms,0,9,DefaultDispatcher-worker-62
1772826833593,DECODE,700000ms,619,9,DefaultDispatcher-worker-7
1772826833594,PROCESS,700000ms,0,9,DefaultDispatcher-worker-7
1772826833691,DECODE,441000ms,698,8,DefaultDispatcher-worker-14
1772826833691,PROCESS,441000ms,0,8,DefaultDispatcher-worker-14
1772826833789,DECODE,740000ms,639,9,DefaultDispatcher-worker-40
1772826833790,PROCESS,740000ms,0,9,DefaultDispatcher-worker-40
1772826833886,DECODE,451000ms,705,8,DefaultDispatcher-worker-61
1772826833887,PROCESS,451000ms,0,8,DefaultDispatcher-worker-61
1772826833977,DECODE,461000ms,691,8,DefaultDispatcher-worker-15
1772826833978,PROCESS,461000ms,0,8,DefaultDispatcher-worker-15
1772826834065,DECODE,541000ms,681,8,DefaultDispatcher-worker-35
1772826834066,PROCESS,541000ms,0,8,DefaultDispatcher-worker-35
1772826834160,DECODE,551000ms,658,8,DefaultDispatcher-worker-62
1772826834161,PROCESS,551000ms,0,8,DefaultDispatcher-worker-62
1772826834249,DECODE,701000ms,655,8,DefaultDispatcher-worker-7
1772826834249,PROCESS,701000ms,0,8,DefaultDispatcher-worker-7
1772826834336,DECODE,442000ms,644,7,DefaultDispatcher-worker-14
1772826834336,PROCESS,442000ms,0,7,DefaultDispatcher-worker-14
1772826834434,DECODE,741000ms,643,8,DefaultDispatcher-worker-40
1772826834434,PROCESS,741000ms,0,8,DefaultDispatcher-worker-40
1772826834528,DECODE,452000ms,641,7,DefaultDispatcher-worker-61
1772826834529,PROCESS,452000ms,0,7,DefaultDispatcher-worker-61
1772826834604,DECODE,462000ms,626,7,DefaultDispatcher-worker-15
1772826834605,PROCESS,462000ms,0,7,DefaultDispatcher-worker-15
1772826834703,DECODE,542000ms,637,7,DefaultDispatcher-worker-35
1772826834703,PROCESS,542000ms,0,7,DefaultDispatcher-worker-35
1772826834778,DECODE,552000ms,616,7,DefaultDispatcher-worker-62
1772826834778,PROCESS,552000ms,0,7,DefaultDispatcher-worker-62
1772826834875,DECODE,702000ms,625,7,DefaultDispatcher-worker-7
1772826834876,PROCESS,702000ms,0,7,DefaultDispatcher-worker-7
1772826834962,DECODE,443000ms,625,6,DefaultDispatcher-worker-14
1772826834963,PROCESS,443000ms,0,6,DefaultDispatcher-worker-14
1772826835051,DECODE,742000ms,617,7,DefaultDispatcher-worker-40
1772826835051,PROCESS,742000ms,0,7,DefaultDispatcher-worker-40
1772826835136,DECODE,453000ms,607,6,DefaultDispatcher-worker-61
1772826835137,PROCESS,453000ms,0,6,DefaultDispatcher-worker-61
1772826835221,DECODE,463000ms,616,6,DefaultDispatcher-worker-15
1772826835221,PROCESS,463000ms,0,6,DefaultDispatcher-worker-15
1772826835311,DECODE,543000ms,607,6,DefaultDispatcher-worker-35
1772826835311,PROCESS,543000ms,0,6,DefaultDispatcher-worker-35
1772826835407,DECODE,553000ms,628,6,DefaultDispatcher-worker-62
1772826835408,PROCESS,553000ms,0,6,DefaultDispatcher-worker-62
1772826835500,DECODE,703000ms,624,6,DefaultDispatcher-worker-7
1772826835500,PROCESS,703000ms,0,6,DefaultDispatcher-worker-7
1772826835596,DECODE,444000ms,633,5,DefaultDispatcher-worker-14
1772826835598,PROCESS,444000ms,0,5,DefaultDispatcher-worker-14
1772826835689,DECODE,743000ms,637,6,DefaultDispatcher-worker-40
1772826835690,PROCESS,743000ms,0,6,DefaultDispatcher-worker-40
1772826835773,DECODE,454000ms,636,5,DefaultDispatcher-worker-61
1772826835774,PROCESS,454000ms,0,5,DefaultDispatcher-worker-61
1772826835867,DECODE,464000ms,645,5,DefaultDispatcher-worker-15
1772826835867,PROCESS,464000ms,0,5,DefaultDispatcher-worker-15
1772826835952,DECODE,544000ms,641,5,DefaultDispatcher-worker-35
1772826835953,PROCESS,544000ms,0,5,DefaultDispatcher-worker-35
1772826836045,DECODE,554000ms,637,5,DefaultDispatcher-worker-62
1772826836046,PROCESS,554000ms,0,5,DefaultDispatcher-worker-62
1772826836134,DECODE,704000ms,633,5,DefaultDispatcher-worker-7
1772826836135,PROCESS,704000ms,0,5,DefaultDispatcher-worker-7
1772826836224,DECODE,445000ms,626,4,DefaultDispatcher-worker-14
1772826836224,PROCESS,445000ms,0,4,DefaultDispatcher-worker-14
1772826836323,DECODE,744000ms,633,5,DefaultDispatcher-worker-40
1772826836324,PROCESS,744000ms,0,5,DefaultDispatcher-worker-40
1772826836403,DECODE,455000ms,629,4,DefaultDispatcher-worker-61
1772826836404,PROCESS,455000ms,0,4,DefaultDispatcher-worker-61
1772826836495,DECODE,465000ms,628,4,DefaultDispatcher-worker-15
1772826836496,PROCESS,465000ms,0,4,DefaultDispatcher-worker-15
1772826836581,DECODE,545000ms,628,4,DefaultDispatcher-worker-35
1772826836581,PROCESS,545000ms,0,4,DefaultDispatcher-worker-35
1772826836674,DECODE,555000ms,628,4,DefaultDispatcher-worker-62
1772826836675,PROCESS,555000ms,0,4,DefaultDispatcher-worker-62
1772826836767,DECODE,705000ms,632,4,DefaultDispatcher-worker-7
1772826836767,PROCESS,705000ms,0,4,DefaultDispatcher-worker-7
1772826836854,DECODE,446000ms,629,3,DefaultDispatcher-worker-14
1772826836855,PROCESS,446000ms,0,3,DefaultDispatcher-worker-14
1772826836961,DECODE,745000ms,637,4,DefaultDispatcher-worker-40
1772826836962,PROCESS,745000ms,0,4,DefaultDispatcher-worker-40
1772826837040,DECODE,456000ms,636,3,DefaultDispatcher-worker-61
1772826837040,PROCESS,456000ms,0,3,DefaultDispatcher-worker-61
1772826837139,DECODE,466000ms,643,3,DefaultDispatcher-worker-15
1772826837139,PROCESS,466000ms,0,3,DefaultDispatcher-worker-15
1772826837225,DECODE,546000ms,644,3,DefaultDispatcher-worker-35
1772826837226,PROCESS,546000ms,0,3,DefaultDispatcher-worker-35
1772826837319,DECODE,556000ms,644,3,DefaultDispatcher-worker-62
1772826837320,PROCESS,556000ms,0,3,DefaultDispatcher-worker-62
1772826837409,DECODE,706000ms,642,3,DefaultDispatcher-worker-7
1772826837410,PROCESS,706000ms,0,3,DefaultDispatcher-worker-7
1772826837498,DECODE,447000ms,643,2,DefaultDispatcher-worker-14
1772826837498,PROCESS,447000ms,0,2,DefaultDispatcher-worker-14
1772826837580,DECODE,746000ms,618,3,DefaultDispatcher-worker-40
1772826837581,PROCESS,746000ms,0,3,DefaultDispatcher-worker-40
1772826837684,DECODE,457000ms,643,2,DefaultDispatcher-worker-61
1772826837685,PROCESS,457000ms,0,2,DefaultDispatcher-worker-61
1772826837781,DECODE,467000ms,641,2,DefaultDispatcher-worker-15
1772826837781,PROCESS,467000ms,0,2,DefaultDispatcher-worker-15
1772826837869,DECODE,547000ms,643,2,DefaultDispatcher-worker-35
1772826837870,PROCESS,547000ms,0,2,DefaultDispatcher-worker-35
1772826837954,DECODE,557000ms,634,2,DefaultDispatcher-worker-62
1772826837954,PROCESS,557000ms,0,2,DefaultDispatcher-worker-62
1772826838049,DECODE,707000ms,639,2,DefaultDispatcher-worker-7
1772826838049,PROCESS,707000ms,0,2,DefaultDispatcher-worker-7
1772826838137,DECODE,448000ms,638,1,DefaultDispatcher-worker-14
1772826838137,PROCESS,448000ms,0,1,DefaultDispatcher-worker-14
1772826838230,DECODE,747000ms,649,2,DefaultDispatcher-worker-40
1772826838230,PROCESS,747000ms,0,2,DefaultDispatcher-worker-40
1772826838315,DECODE,458000ms,630,1,DefaultDispatcher-worker-61
1772826838315,PROCESS,458000ms,0,1,DefaultDispatcher-worker-61
1772826838400,DECODE,468000ms,618,1,DefaultDispatcher-worker-15
1772826838400,PROCESS,468000ms,0,1,DefaultDispatcher-worker-15
1772826838493,DECODE,548000ms,623,1,DefaultDispatcher-worker-35
1772826838494,PROCESS,548000ms,0,1,DefaultDispatcher-worker-35
1772826838579,DECODE,558000ms,625,1,DefaultDispatcher-worker-62
1772826838579,PROCESS,558000ms,0,1,DefaultDispatcher-worker-62
1772826838685,DECODE,708000ms,635,1,DefaultDispatcher-worker-7
1772826838686,PROCESS,708000ms,0,1,DefaultDispatcher-worker-7
1772826838774,DECODE,449000ms,637,0,DefaultDispatcher-worker-14
1772826838774,PROCESS,449000ms,0,0,DefaultDispatcher-worker-14
1772826838866,DECODE,748000ms,635,1,DefaultDispatcher-worker-40
1772826838867,PROCESS,748000ms,0,1,DefaultDispatcher-worker-40
1772826838956,DECODE,459000ms,641,0,DefaultDispatcher-worker-61
1772826838956,PROCESS,459000ms,0,0,DefaultDispatcher-worker-61
1772826839050,DECODE,469000ms,649,0,DefaultDispatcher-worker-15
1772826839051,PROCESS,469000ms,0,0,DefaultDispatcher-worker-15
1772826839137,DECODE,549000ms,643,0,DefaultDispatcher-worker-35
1772826839138,PROCESS,549000ms,0,0,DefaultDispatcher-worker-35
1772826839225,DECODE,559000ms,645,0,DefaultDispatcher-worker-62
1772826839226,PROCESS,559000ms,0,0,DefaultDispatcher-worker-62
1772826839317,DECODE,709000ms,631,0,DefaultDispatcher-worker-7
1772826839317,PROCESS,709000ms,0,0,DefaultDispatcher-worker-7
1772826839402,DECODE,749000ms,535,0,DefaultDispatcher-worker-40
1772826839403,PROCESS,749000ms,0,0,DefaultDispatcher-worker-40
1772827174094,DECODE,4000ms,267,0,DefaultDispatcher-worker-4
1772827174095,PROCESS,4000ms,0,0,DefaultDispatcher-worker-4
1772827174198,DECODE,10000ms,302,0,DefaultDispatcher-worker-10
1772827174199,PROCESS,10000ms,0,0,DefaultDispatcher-worker-10
1772827174315,DECODE,3000ms,426,0,DefaultDispatcher-worker-13
1772827174315,PROCESS,3000ms,0,0,DefaultDispatcher-worker-13
1772827174441,DECODE,8000ms,188,0,DefaultDispatcher-worker-7
1772827174441,PROCESS,8000ms,0,0,DefaultDispatcher-worker-7
1772827174578,DECODE,12000ms,209,0,DefaultDispatcher-worker-10
1772827174579,PROCESS,12000ms,0,0,DefaultDispatcher-worker-10
1772827174685,DECODE,0ms,186,0,DefaultDispatcher-worker-38
1772827174686,PROCESS,0ms,0,0,DefaultDispatcher-worker-38
1772827174801,DECODE,9000ms,145,0,DefaultDispatcher-worker-13
1772827174801,PROCESS,9000ms,0,0,DefaultDispatcher-worker-13
1772827174917,DECODE,14000ms,172,0,DefaultDispatcher-worker-10
1772827174917,PROCESS,14000ms,0,0,DefaultDispatcher-worker-10
1772827175062,DECODE,7000ms,202,0,DefaultDispatcher-worker-38
1772827175063,PROCESS,7000ms,0,0,DefaultDispatcher-worker-38
1772827175168,DECODE,13000ms,196,0,DefaultDispatcher-worker-10
1772827175168,PROCESS,13000ms,0,0,DefaultDispatcher-worker-10
1772827175282,DECODE,17000ms,170,0,DefaultDispatcher-worker-41
1772827175283,PROCESS,17000ms,0,0,DefaultDispatcher-worker-41
1772827175387,DECODE,16000ms,164,0,DefaultDispatcher-worker-13
1772827175387,PROCESS,16000ms,0,0,DefaultDispatcher-worker-13
1772827175503,DECODE,19000ms,171,0,DefaultDispatcher-worker-10
1772827175504,PROCESS,19000ms,0,0,DefaultDispatcher-worker-10
1772827175608,DECODE,15000ms,169,0,DefaultDispatcher-worker-41
1772827175609,PROCESS,15000ms,0,0,DefaultDispatcher-worker-41
1772827175728,DECODE,18000ms,172,0,DefaultDispatcher-worker-13
1772827175729,PROCESS,18000ms,0,0,DefaultDispatcher-worker-13
1772827175852,DECODE,24000ms,193,0,DefaultDispatcher-worker-41
1772827175852,PROCESS,24000ms,0,0,DefaultDispatcher-worker-41
1772827175978,DECODE,21000ms,188,0,DefaultDispatcher-worker-10
1772827175978,PROCESS,21000ms,0,0,DefaultDispatcher-worker-10
1772827176107,DECODE,23000ms,198,0,DefaultDispatcher-worker-38
1772827176108,PROCESS,23000ms,0,0,DefaultDispatcher-worker-38
1772827176232,DECODE,26000ms,195,0,DefaultDispatcher-worker-13
1772827176233,PROCESS,26000ms,0,0,DefaultDispatcher-worker-13
1772827176353,DECODE,28000ms,177,0,DefaultDispatcher-worker-41
1772827176354,PROCESS,28000ms,0,0,DefaultDispatcher-worker-41
1772827176483,DECODE,27000ms,197,0,DefaultDispatcher-worker-10
1772827176484,PROCESS,27000ms,0,0,DefaultDispatcher-worker-10
1772827176602,DECODE,25000ms,185,0,DefaultDispatcher-worker-38
1772827176602,PROCESS,25000ms,0,0,DefaultDispatcher-worker-38
1772827176704,DECODE,20000ms,161,0,DefaultDispatcher-worker-41
1772827176704,PROCESS,20000ms,0,0,DefaultDispatcher-worker-41
1772827176831,DECODE,11000ms,2657,0,DefaultDispatcher-worker-16
1772827176832,PROCESS,11000ms,0,0,DefaultDispatcher-worker-16
1772827176935,DECODE,1000ms,3052,0,DefaultDispatcher-worker-12
1772827176935,PROCESS,1000ms,0,0,DefaultDispatcher-worker-12
1772827177041,DECODE,6000ms,3160,0,DefaultDispatcher-worker-17
1772827177041,PROCESS,6000ms,0,0,DefaultDispatcher-worker-17
1772827177174,DECODE,2000ms,3298,0,DefaultDispatcher-worker-19
1772827177174,PROCESS,2000ms,0,0,DefaultDispatcher-worker-19
1772827177297,DECODE,5000ms,3423,0,DefaultDispatcher-worker-11
1772827177297,PROCESS,5000ms,0,0,DefaultDispatcher-worker-11
1772827177995,DECODE,29000ms,1326,0,DefaultDispatcher-worker-10
1772827177996,PROCESS,29000ms,0,0,DefaultDispatcher-worker-10
1772827178166,DECODE,22000ms,1401,0,DefaultDispatcher-worker-38
1772827178169,PROCESS,22000ms,0,0,DefaultDispatcher-worker-38
1772827178293,DECODE,30000ms,1400,0,DefaultDispatcher-worker-41
1772827178294,PROCESS,30000ms,0,0,DefaultDispatcher-worker-41
1772827178447,DECODE,4000ms,1447,0,DefaultDispatcher-worker-16
1772827178447,PROCESS,4000ms,0,0,DefaultDispatcher-worker-16
1772827178517,DECODE,9000ms,1409,0,DefaultDispatcher-worker-24
1772827178518,PROCESS,9000ms,0,0,DefaultDispatcher-worker-24
1772827178673,DECODE,8000ms,1442,0,DefaultDispatcher-worker-7
1772827178676,PROCESS,8000ms,0,0,DefaultDispatcher-worker-7
1772827178781,DECODE,5000ms,1411,0,DefaultDispatcher-worker-19
1772827178782,PROCESS,5000ms,0,0,DefaultDispatcher-worker-19
1772827178898,DECODE,15000ms,840,0,DefaultDispatcher-worker-1
1772827178899,PROCESS,15000ms,0,0,DefaultDispatcher-worker-1
1772827179020,DECODE,3000ms,769,0,DefaultDispatcher-worker-10
1772827179021,PROCESS,3000ms,0,0,DefaultDispatcher-worker-10
1772827179134,DECODE,11000ms,732,0,DefaultDispatcher-worker-5
1772827179134,PROCESS,11000ms,0,0,DefaultDispatcher-worker-5
1772827179267,DECODE,6000ms,760,0,DefaultDispatcher-worker-28
1772827179267,PROCESS,6000ms,0,0,DefaultDispatcher-worker-28
1772827179379,DECODE,17000ms,805,0,DefaultDispatcher-worker-16
1772827179380,PROCESS,17000ms,0,0,DefaultDispatcher-worker-16
1772827179509,DECODE,10000ms,774,0,DefaultDispatcher-worker-24
1772827179509,PROCESS,10000ms,0,0,DefaultDispatcher-worker-24
1772827179614,DECODE,1000ms,773,0,DefaultDispatcher-worker-7
1772827179615,PROCESS,1000ms,0,0,DefaultDispatcher-worker-7
1772827179736,DECODE,20000ms,778,0,DefaultDispatcher-worker-19
1772827179737,PROCESS,20000ms,0,0,DefaultDispatcher-worker-19
1772827179863,DECODE,18000ms,792,0,DefaultDispatcher-worker-1
1772827179864,PROCESS,18000ms,0,0,DefaultDispatcher-worker-1
1772827179984,DECODE,14000ms,792,0,DefaultDispatcher-worker-10
1772827179984,PROCESS,14000ms,0,0,DefaultDispatcher-worker-10
1772827180083,DECODE,21000ms,749,0,DefaultDispatcher-worker-5
1772827180083,PROCESS,21000ms,0,0,DefaultDispatcher-worker-5
1772827180220,DECODE,26000ms,779,0,DefaultDispatcher-worker-42
1772827180220,PROCESS,26000ms,0,0,DefaultDispatcher-worker-42
1772827180329,DECODE,2000ms,751,0,DefaultDispatcher-worker-16
1772827180330,PROCESS,2000ms,0,0,DefaultDispatcher-worker-16
1772827180449,DECODE,19000ms,769,0,DefaultDispatcher-worker-24
1772827180449,PROCESS,19000ms,0,0,DefaultDispatcher-worker-24
1772827180583,DECODE,13000ms,780,0,DefaultDispatcher-worker-7
1772827180584,PROCESS,13000ms,0,0,DefaultDispatcher-worker-7
1772827180682,DECODE,27000ms,755,0,DefaultDispatcher-worker-28
1772827180683,PROCESS,27000ms,0,0,DefaultDispatcher-worker-28
1772827180818,DECODE,30000ms,761,0,DefaultDispatcher-worker-19
1772827180819,PROCESS,30000ms,0,0,DefaultDispatcher-worker-19
1772827180922,DECODE,16000ms,762,0,DefaultDispatcher-worker-10
1772827180922,PROCESS,16000ms,0,0,DefaultDispatcher-worker-10
1772827181046,DECODE,28000ms,762,0,DefaultDispatcher-worker-5
1772827181047,PROCESS,28000ms,0,0,DefaultDispatcher-worker-5
1772827181166,DECODE,7000ms,771,0,DefaultDispatcher-worker-42
1772827181167,PROCESS,7000ms,0,0,DefaultDispatcher-worker-42
1772827181272,DECODE,22000ms,757,0,DefaultDispatcher-worker-16
1772827181273,PROCESS,22000ms,0,0,DefaultDispatcher-worker-16
1772827181403,DECODE,23000ms,761,0,DefaultDispatcher-worker-24
1772827181404,PROCESS,23000ms,0,0,DefaultDispatcher-worker-24
1772827181541,DECODE,24000ms,788,0,DefaultDispatcher-worker-1
1772827181541,PROCESS,24000ms,0,0,DefaultDispatcher-worker-1
1772827181660,DECODE,29000ms,772,0,DefaultDispatcher-worker-28
1772827181660,PROCESS,29000ms,0,0,DefaultDispatcher-worker-28
1772827181789,DECODE,25000ms,805,0,DefaultDispatcher-worker-19
1772827181789,PROCESS,25000ms,0,0,DefaultDispatcher-worker-19
1772827181887,DECODE,12000ms,776,0,DefaultDispatcher-worker-10
1772827181887,PROCESS,12000ms,0,0,DefaultDispatcher-worker-10
1772827182027,DECODE,0ms,791,0,DefaultDispatcher-worker-5
1772827182027,PROCESS,0ms,0,0,DefaultDispatcher-worker-5
1772827212773,DECODE,4000ms,159,0,DefaultDispatcher-worker-1
1772827212774,PROCESS,4000ms,0,0,DefaultDispatcher-worker-1
1772827212894,DECODE,12000ms,286,0,DefaultDispatcher-worker-23
1772827212894,PROCESS,12000ms,0,0,DefaultDispatcher-worker-23
1772827213040,DECODE,3000ms,209,0,DefaultDispatcher-worker-45
1772827213041,PROCESS,3000ms,0,0,DefaultDispatcher-worker-45
1772827213169,DECODE,7000ms,177,0,DefaultDispatcher-worker-1
1772827213169,PROCESS,7000ms,0,0,DefaultDispatcher-worker-1
1772827213294,DECODE,9000ms,179,0,DefaultDispatcher-worker-23
1772827213295,PROCESS,9000ms,0,0,DefaultDispatcher-worker-23
1772827213424,DECODE,0ms,174,0,DefaultDispatcher-worker-10
1772827213424,PROCESS,0ms,0,0,DefaultDispatcher-worker-10
1772827213544,DECODE,10000ms,172,0,DefaultDispatcher-worker-1
1772827213545,PROCESS,10000ms,0,0,DefaultDispatcher-worker-1
1772827213672,DECODE,2000ms,179,0,DefaultDispatcher-worker-23
1772827213673,PROCESS,2000ms,0,0,DefaultDispatcher-worker-23
1772827213805,DECODE,6000ms,188,0,DefaultDispatcher-worker-45
1772827213805,PROCESS,6000ms,0,0,DefaultDispatcher-worker-45
1772827213909,DECODE,1000ms,1311,0,DefaultDispatcher-worker-35
1772827213909,PROCESS,1000ms,0,0,DefaultDispatcher-worker-35
1772827214027,DECODE,8000ms,1429,0,DefaultDispatcher-worker-26
1772827214027,PROCESS,8000ms,0,0,DefaultDispatcher-worker-26
1772827214138,DECODE,0ms,145,0,DefaultDispatcher-worker-45
1772827214138,PROCESS,0ms,0,0,DefaultDispatcher-worker-45
1772827214275,DECODE,4000ms,179,0,DefaultDispatcher-worker-35
1772827214276,PROCESS,4000ms,0,0,DefaultDispatcher-worker-35
1772827214379,DECODE,11000ms,172,0,DefaultDispatcher-worker-10
1772827214381,PROCESS,11000ms,0,0,DefaultDispatcher-worker-10
1772827214517,DECODE,13000ms,1922,0,DefaultDispatcher-worker-34
1772827214518,PROCESS,13000ms,0,0,DefaultDispatcher-worker-34
1772827214646,DECODE,8000ms,184,0,DefaultDispatcher-worker-35
1772827214647,PROCESS,8000ms,0,0,DefaultDispatcher-worker-35
1772827231912,DECODE,5000ms,178,0,DefaultDispatcher-worker-9
1772827231913,PROCESS,5000ms,0,0,DefaultDispatcher-worker-9
1772827232045,DECODE,5000ms,367,0,DefaultDispatcher-worker-17
1772827232046,PROCESS,5000ms,0,0,DefaultDispatcher-worker-17
1772828576552,DECODE,3000ms,142,0,DefaultDispatcher-worker-17
1772828576557,PROCESS,3000ms,0,0,DefaultDispatcher-worker-17
1772828576755,DECODE,3000ms,143,0,DefaultDispatcher-worker-11
1772828576756,PROCESS,3000ms,0,0,DefaultDispatcher-worker-11
1772828576861,DECODE,2000ms,303,0,DefaultDispatcher-worker-3
1772828576861,PROCESS,2000ms,0,0,DefaultDispatcher-worker-3
1772828576969,DECODE,1000ms,151,0,DefaultDispatcher-worker-9
1772828576970,PROCESS,1000ms,0,0,DefaultDispatcher-worker-9
1772828577069,DECODE,0ms,153,0,DefaultDispatcher-worker-11
1772828577069,PROCESS,0ms,0,0,DefaultDispatcher-worker-11
1772828577209,DECODE,4000ms,661,0,DefaultDispatcher-worker-10
1772828577210,PROCESS,4000ms,0,0,DefaultDispatcher-worker-10
1772828577324,DECODE,1000ms,917,0,DefaultDispatcher-worker-16
1772828577325,PROCESS,1000ms,0,0,DefaultDispatcher-worker-16
1772828577438,DECODE,4000ms,1032,0,DefaultDispatcher-worker-12
1772828577439,PROCESS,4000ms,0,0,DefaultDispatcher-worker-12
1772828577569,DECODE,9000ms,189,0,DefaultDispatcher-worker-9
1772828577569,PROCESS,9000ms,0,0,DefaultDispatcher-worker-9
1772828577675,DECODE,5000ms,178,0,DefaultDispatcher-worker-16
1772828577676,PROCESS,5000ms,0,0,DefaultDispatcher-worker-16
1772828577797,DECODE,6000ms,492,0,DefaultDispatcher-worker-11
1772828577798,PROCESS,6000ms,0,0,DefaultDispatcher-worker-11
1772828577921,DECODE,8000ms,616,0,DefaultDispatcher-worker-8
1772828577922,PROCESS,8000ms,0,0,DefaultDispatcher-worker-8
1772828578042,DECODE,7000ms,738,0,DefaultDispatcher-worker-3
1772828578042,PROCESS,7000ms,0,0,DefaultDispatcher-worker-3
1772828578146,DECODE,0ms,1740,0,DefaultDispatcher-worker-15
1772828578147,PROCESS,0ms,0,0,DefaultDispatcher-worker-15
1772828578274,DECODE,2000ms,1872,0,DefaultDispatcher-worker-14
1772828578275,PROCESS,2000ms,0,0,DefaultDispatcher-worker-14
1772828578973,DECODE,10000ms,828,0,DefaultDispatcher-worker-11
1772828578974,PROCESS,10000ms,0,0,DefaultDispatcher-worker-11
1772828579095,DECODE,14000ms,946,0,DefaultDispatcher-worker-8
1772828579096,PROCESS,14000ms,0,0,DefaultDispatcher-worker-8
1772828579219,DECODE,11000ms,1069,0,DefaultDispatcher-worker-3
1772828579220,PROCESS,11000ms,0,0,DefaultDispatcher-worker-3
1772828579340,DECODE,12000ms,1186,0,DefaultDispatcher-worker-9
1772828579341,PROCESS,12000ms,0,0,DefaultDispatcher-worker-9
1772828579473,DECODE,13000ms,1315,0,DefaultDispatcher-worker-12
1772828579473,PROCESS,13000ms,0,0,DefaultDispatcher-worker-12
1772828579577,DECODE,13000ms,1184,0,DefaultDispatcher-worker-14
1772828579578,PROCESS,13000ms,0,0,DefaultDispatcher-worker-14
1772828579682,DECODE,14000ms,1284,0,DefaultDispatcher-worker-15
1772828579682,PROCESS,14000ms,0,0,DefaultDispatcher-worker-15
1772828579828,DECODE,11000ms,788,0,DefaultDispatcher-worker-4
1772828579829,PROCESS,11000ms,0,0,DefaultDispatcher-worker-4
1772828579932,DECODE,12000ms,771,0,DefaultDispatcher-worker-11
1772828579933,PROCESS,12000ms,0,0,DefaultDispatcher-worker-11
1772828580042,DECODE,10000ms,756,0,DefaultDispatcher-worker-8
1772828580043,PROCESS,10000ms,0,0,DefaultDispatcher-worker-8
1772828580157,DECODE,18000ms,591,0,DefaultDispatcher-worker-7
1772828580157,PROCESS,18000ms,0,0,DefaultDispatcher-worker-7
1772828580293,DECODE,17000ms,719,0,DefaultDispatcher-worker-1
1772828580293,PROCESS,17000ms,0,0,DefaultDispatcher-worker-1
1772828580398,DECODE,19000ms,753,0,DefaultDispatcher-worker-9
1772828580399,PROCESS,19000ms,0,0,DefaultDispatcher-worker-9
1772828580505,DECODE,15000ms,751,0,DefaultDispatcher-worker-14
1772828580506,PROCESS,15000ms,0,0,DefaultDispatcher-worker-14
1772828580616,DECODE,16000ms,720,0,DefaultDispatcher-worker-15
1772828580617,PROCESS,16000ms,0,0,DefaultDispatcher-worker-15
1772828580733,DECODE,18000ms,585,0,DefaultDispatcher-worker-12
1772828580733,PROCESS,18000ms,0,0,DefaultDispatcher-worker-12
1772828580845,DECODE,15000ms,687,0,DefaultDispatcher-worker-8
1772828580845,PROCESS,15000ms,0,0,DefaultDispatcher-worker-8
1772828580950,DECODE,17000ms,725,0,DefaultDispatcher-worker-11
1772828580950,PROCESS,17000ms,0,0,DefaultDispatcher-worker-11
1772828581053,DECODE,19000ms,705,0,DefaultDispatcher-worker-19
1772828581054,PROCESS,19000ms,0,0,DefaultDispatcher-worker-19
1772828581165,DECODE,16000ms,715,0,DefaultDispatcher-worker-1
1772828581166,PROCESS,16000ms,0,0,DefaultDispatcher-worker-1
1772828581268,DECODE,23000ms,559,0,DefaultDispatcher-worker-3
1772828581269,PROCESS,23000ms,0,0,DefaultDispatcher-worker-3
1772828581384,DECODE,20000ms,671,0,DefaultDispatcher-worker-9
1772828581385,PROCESS,20000ms,0,0,DefaultDispatcher-worker-9
1772828581506,DECODE,24000ms,722,0,DefaultDispatcher-worker-6
1772828581507,PROCESS,24000ms,0,0,DefaultDispatcher-worker-6
1772828581622,DECODE,21000ms,724,0,DefaultDispatcher-worker-12
1772828581624,PROCESS,21000ms,0,0,DefaultDispatcher-worker-12
1772828581735,DECODE,22000ms,731,0,DefaultDispatcher-worker-8
1772828581736,PROCESS,22000ms,0,0,DefaultDispatcher-worker-8
1772828581853,DECODE,22000ms,581,0,DefaultDispatcher-worker-15
1772828581853,PROCESS,22000ms,0,0,DefaultDispatcher-worker-15
1772828581969,DECODE,23000ms,687,0,DefaultDispatcher-worker-7
1772828581969,PROCESS,23000ms,0,0,DefaultDispatcher-worker-7
1772828582081,DECODE,24000ms,755,0,DefaultDispatcher-worker-11
1772828582081,PROCESS,24000ms,0,0,DefaultDispatcher-worker-11
1772828582185,DECODE,21000ms,751,0,DefaultDispatcher-worker-3
1772828582186,PROCESS,21000ms,0,0,DefaultDispatcher-worker-3
1772828582305,DECODE,20000ms,747,0,DefaultDispatcher-worker-9
1772828582305,PROCESS,20000ms,0,0,DefaultDispatcher-worker-9
1772828582425,DECODE,28000ms,588,0,DefaultDispatcher-worker-2
1772828582426,PROCESS,28000ms,0,0,DefaultDispatcher-worker-2
1772828582537,DECODE,26000ms,699,0,DefaultDispatcher-worker-17
1772828582537,PROCESS,26000ms,0,0,DefaultDispatcher-worker-17
1772828582668,DECODE,25000ms,757,0,DefaultDispatcher-worker-19
1772828582669,PROCESS,25000ms,0,0,DefaultDispatcher-worker-19
1772828582783,DECODE,29000ms,765,0,DefaultDispatcher-worker-15
1772828582784,PROCESS,29000ms,0,0,DefaultDispatcher-worker-15
1772828582912,DECODE,27000ms,775,0,DefaultDispatcher-worker-7
1772828582912,PROCESS,27000ms,0,0,DefaultDispatcher-worker-7
1772828583024,DECODE,27000ms,625,0,DefaultDispatcher-worker-3
1772828583025,PROCESS,27000ms,0,0,DefaultDispatcher-worker-3
1772828583144,DECODE,29000ms,739,0,DefaultDispatcher-worker-11
1772828583146,PROCESS,29000ms,0,0,DefaultDispatcher-worker-11
1772828583272,DECODE,26000ms,790,0,DefaultDispatcher-worker-9
1772828583273,PROCESS,26000ms,0,0,DefaultDispatcher-worker-9
1772828583381,DECODE,28000ms,783,0,DefaultDispatcher-worker-2
1772828583381,PROCESS,28000ms,0,0,DefaultDispatcher-worker-2
1772828583482,DECODE,25000ms,748,0,DefaultDispatcher-worker-17
1772828583483,PROCESS,25000ms,0,0,DefaultDispatcher-worker-17
1772828583610,DECODE,30000ms,591,0,DefaultDispatcher-worker-19
1772828583610,PROCESS,30000ms,0,0,DefaultDispatcher-worker-19
1772828583738,DECODE,30000ms,162,0,DefaultDispatcher-worker-2
1772828583738,PROCESS,30000ms,0,0,DefaultDispatcher-worker-2
1772829102635,DECODE,3000ms,219,0,DefaultDispatcher-worker-11
1772829102636,PROCESS,3000ms,0,0,DefaultDispatcher-worker-11
1772829102741,DECODE,2000ms,194,0,DefaultDispatcher-worker-16
1772829102742,PROCESS,2000ms,0,0,DefaultDispatcher-worker-16
1772829102862,DECODE,0ms,163,0,DefaultDispatcher-worker-6
1772829102862,PROCESS,0ms,0,0,DefaultDispatcher-worker-6
1772829102967,DECODE,3000ms,153,0,DefaultDispatcher-worker-11
1772829102967,PROCESS,3000ms,0,0,DefaultDispatcher-worker-11
1772829103088,DECODE,4000ms,156,0,DefaultDispatcher-worker-16
1772829103088,PROCESS,4000ms,0,0,DefaultDispatcher-worker-16
1772829103188,DECODE,1000ms,644,0,DefaultDispatcher-worker-13
1772829103188,PROCESS,1000ms,0,0,DefaultDispatcher-worker-13
1772829103303,DECODE,4000ms,896,0,DefaultDispatcher-worker-9
1772829103304,PROCESS,4000ms,0,0,DefaultDispatcher-worker-9
1772829103408,DECODE,1000ms,1001,0,DefaultDispatcher-worker-3
1772829103409,PROCESS,1000ms,0,0,DefaultDispatcher-worker-3
1772829103516,DECODE,7000ms,140,0,DefaultDispatcher-worker-11
1772829103517,PROCESS,7000ms,0,0,DefaultDispatcher-worker-11
1772829103635,DECODE,6000ms,159,0,DefaultDispatcher-worker-9
1772829103636,PROCESS,6000ms,0,0,DefaultDispatcher-worker-9
1772829103738,DECODE,5000ms,426,0,DefaultDispatcher-worker-16
1772829103739,PROCESS,5000ms,0,0,DefaultDispatcher-worker-16
1772829103845,DECODE,9000ms,543,0,DefaultDispatcher-worker-14
1772829103846,PROCESS,9000ms,0,0,DefaultDispatcher-worker-14
1772829103967,DECODE,8000ms,665,0,DefaultDispatcher-worker-17
1772829103968,PROCESS,8000ms,0,0,DefaultDispatcher-worker-17
1772829104062,DECODE,2000ms,1655,0,DefaultDispatcher-worker-7
1772829104063,PROCESS,2000ms,0,0,DefaultDispatcher-worker-7
1772829104180,DECODE,0ms,1773,0,DefaultDispatcher-worker-2
1772829104181,PROCESS,0ms,0,0,DefaultDispatcher-worker-2
1772829104262,DECODE,14000ms,180,0,DefaultDispatcher-worker-16
1772829104263,PROCESS,14000ms,0,0,DefaultDispatcher-worker-16
1772829104369,DECODE,10000ms,286,0,DefaultDispatcher-worker-14
1772829104370,PROCESS,10000ms,0,0,DefaultDispatcher-worker-14
1772829104483,DECODE,12000ms,400,0,DefaultDispatcher-worker-15
1772829104484,PROCESS,12000ms,0,0,DefaultDispatcher-worker-15
1772829104598,DECODE,11000ms,514,0,DefaultDispatcher-worker-17
1772829104599,PROCESS,11000ms,0,0,DefaultDispatcher-worker-17
1772829104714,DECODE,13000ms,625,0,DefaultDispatcher-worker-1
1772829104715,PROCESS,13000ms,0,0,DefaultDispatcher-worker-1
1772829104836,DECODE,11000ms,528,0,DefaultDispatcher-worker-6
1772829104837,PROCESS,11000ms,0,0,DefaultDispatcher-worker-6
1772829104941,DECODE,12000ms,632,0,DefaultDispatcher-worker-4
1772829104941,PROCESS,12000ms,0,0,DefaultDispatcher-worker-4
1772829105044,DECODE,14000ms,702,0,DefaultDispatcher-worker-9
1772829105045,PROCESS,14000ms,0,0,DefaultDispatcher-worker-9
1772829105148,DECODE,13000ms,714,0,DefaultDispatcher-worker-16
1772829105149,PROCESS,13000ms,0,0,DefaultDispatcher-worker-16
1772829105263,DECODE,10000ms,707,0,DefaultDispatcher-worker-14
1772829105264,PROCESS,10000ms,0,0,DefaultDispatcher-worker-14
1772829105362,DECODE,15000ms,542,0,DefaultDispatcher-worker-17
1772829105362,PROCESS,15000ms,0,0,DefaultDispatcher-worker-17
1772829105469,DECODE,17000ms,645,0,DefaultDispatcher-worker-3
1772829105470,PROCESS,17000ms,0,0,DefaultDispatcher-worker-3
1772829105565,DECODE,18000ms,658,0,DefaultDispatcher-worker-15
1772829105566,PROCESS,18000ms,0,0,DefaultDispatcher-worker-15
1772829105673,DECODE,19000ms,665,0,DefaultDispatcher-worker-6
1772829105674,PROCESS,19000ms,0,0,DefaultDispatcher-worker-6
1772829105776,DECODE,16000ms,655,0,DefaultDispatcher-worker-4
1772829105777,PROCESS,16000ms,0,0,DefaultDispatcher-worker-4
1772829105898,DECODE,15000ms,532,0,DefaultDispatcher-worker-16
1772829105899,PROCESS,15000ms,0,0,DefaultDispatcher-worker-16
1772829105981,DECODE,19000ms,611,0,DefaultDispatcher-worker-9
1772829105982,PROCESS,19000ms,0,0,DefaultDispatcher-worker-9
1772829106073,DECODE,17000ms,646,0,DefaultDispatcher-worker-1
1772829106073,PROCESS,17000ms,0,0,DefaultDispatcher-worker-1
1772829106176,DECODE,18000ms,633,0,DefaultDispatcher-worker-17
1772829106177,PROCESS,18000ms,0,0,DefaultDispatcher-worker-17
1772829106275,DECODE,16000ms,642,0,DefaultDispatcher-worker-3
1772829106276,PROCESS,16000ms,0,0,DefaultDispatcher-worker-3
1772829106380,DECODE,20000ms,489,0,DefaultDispatcher-worker-6
1772829106380,PROCESS,20000ms,0,0,DefaultDispatcher-worker-6
1772829106504,DECODE,22000ms,599,0,DefaultDispatcher-worker-7
1772829106505,PROCESS,22000ms,0,0,DefaultDispatcher-worker-7
1772829106601,DECODE,21000ms,640,0,DefaultDispatcher-worker-12
1772829106603,PROCESS,21000ms,0,0,DefaultDispatcher-worker-12
1772829106688,DECODE,23000ms,638,0,DefaultDispatcher-worker-16
1772829106689,PROCESS,23000ms,0,0,DefaultDispatcher-worker-16
1772829106784,DECODE,24000ms,638,0,DefaultDispatcher-worker-14
1772829106785,PROCESS,24000ms,0,0,DefaultDispatcher-worker-14
1772829106897,DECODE,21000ms,525,0,DefaultDispatcher-worker-15
1772829106897,PROCESS,21000ms,0,0,DefaultDispatcher-worker-15
1772829107005,DECODE,22000ms,612,0,DefaultDispatcher-worker-9
1772829107006,PROCESS,22000ms,0,0,DefaultDispatcher-worker-9
1772829107104,DECODE,20000ms,651,0,DefaultDispatcher-worker-4
1772829107105,PROCESS,20000ms,0,0,DefaultDispatcher-worker-4
1772829107209,DECODE,24000ms,642,0,DefaultDispatcher-worker-6
1772829107209,PROCESS,24000ms,0,0,DefaultDispatcher-worker-6
1772829107311,DECODE,23000ms,638,0,DefaultDispatcher-worker-7
1772829107311,PROCESS,23000ms,0,0,DefaultDispatcher-worker-7
1772829107430,DECODE,25000ms,527,0,DefaultDispatcher-worker-12
1772829107431,PROCESS,25000ms,0,0,DefaultDispatcher-worker-12
1772829107527,DECODE,27000ms,622,0,DefaultDispatcher-worker-16
1772829107528,PROCESS,27000ms,0,0,DefaultDispatcher-worker-16
1772829107643,DECODE,29000ms,678,0,DefaultDispatcher-worker-13
1772829107644,PROCESS,29000ms,0,0,DefaultDispatcher-worker-13
1772829107732,DECODE,26000ms,667,0,DefaultDispatcher-worker-15
1772829107733,PROCESS,26000ms,0,0,DefaultDispatcher-worker-15
1772829107855,DECODE,28000ms,674,0,DefaultDispatcher-worker-9
1772829107856,PROCESS,28000ms,0,0,DefaultDispatcher-worker-9
1772829107941,DECODE,25000ms,525,0,DefaultDispatcher-worker-4
1772829107942,PROCESS,25000ms,0,0,DefaultDispatcher-worker-4
1772829108071,DECODE,29000ms,640,0,DefaultDispatcher-worker-17
1772829108072,PROCESS,29000ms,0,0,DefaultDispatcher-worker-17
1772829108160,DECODE,28000ms,664,0,DefaultDispatcher-worker-20
1772829108161,PROCESS,28000ms,0,0,DefaultDispatcher-worker-20
1772829108274,DECODE,27000ms,689,0,DefaultDispatcher-worker-12
1772829108275,PROCESS,27000ms,0,0,DefaultDispatcher-worker-12
1772829108372,DECODE,26000ms,666,0,DefaultDispatcher-worker-16
1772829108373,PROCESS,26000ms,0,0,DefaultDispatcher-worker-16
1772829108480,DECODE,30000ms,519,0,DefaultDispatcher-worker-15
1772829108481,PROCESS,30000ms,0,0,DefaultDispatcher-worker-15
1772829108594,DECODE,32000ms,632,0,DefaultDispatcher-worker-6
1772829108594,PROCESS,32000ms,0,0,DefaultDispatcher-worker-6
1772829108671,DECODE,31000ms,667,0,DefaultDispatcher-worker-13
1772829108671,PROCESS,31000ms,0,0,DefaultDispatcher-worker-13
1772829108781,DECODE,34000ms,636,0,DefaultDispatcher-worker-4
1772829108782,PROCESS,34000ms,0,0,DefaultDispatcher-worker-4
1772829108884,DECODE,33000ms,660,0,DefaultDispatcher-worker-17
1772829108885,PROCESS,33000ms,0,0,DefaultDispatcher-worker-17
1772829109001,DECODE,34000ms,528,0,DefaultDispatcher-worker-20
1772829109002,PROCESS,34000ms,0,0,DefaultDispatcher-worker-20
1772829109105,DECODE,30000ms,626,0,DefaultDispatcher-worker-12
1772829109106,PROCESS,30000ms,0,0,DefaultDispatcher-worker-12
1772829109192,DECODE,31000ms,639,0,DefaultDispatcher-worker-7
1772829109192,PROCESS,31000ms,0,0,DefaultDispatcher-worker-7
1772829109283,DECODE,33000ms,619,0,DefaultDispatcher-worker-15
1772829109284,PROCESS,33000ms,0,0,DefaultDispatcher-worker-15
1772829109402,DECODE,32000ms,661,0,DefaultDispatcher-worker-6
1772829109403,PROCESS,32000ms,0,0,DefaultDispatcher-worker-6
1772829109495,DECODE,37000ms,508,0,DefaultDispatcher-worker-10
1772829109496,PROCESS,37000ms,0,0,DefaultDispatcher-worker-10
1772829109601,DECODE,35000ms,610,0,DefaultDispatcher-worker-4
1772829109602,PROCESS,35000ms,0,0,DefaultDispatcher-worker-4
1772829109693,DECODE,38000ms,626,0,DefaultDispatcher-worker-13
1772829109694,PROCESS,38000ms,0,0,DefaultDispatcher-worker-13
1772829109806,DECODE,36000ms,636,0,DefaultDispatcher-worker-20
1772829109807,PROCESS,36000ms,0,0,DefaultDispatcher-worker-20
1772829109920,DECODE,39000ms,658,0,DefaultDispatcher-worker-12
1772829109920,PROCESS,39000ms,0,0,DefaultDispatcher-worker-12
1772829110001,DECODE,39000ms,498,0,DefaultDispatcher-worker-11
1772829110002,PROCESS,39000ms,0,0,DefaultDispatcher-worker-11
1772829110117,DECODE,36000ms,600,0,DefaultDispatcher-worker-15
1772829110119,PROCESS,36000ms,0,0,DefaultDispatcher-worker-15
1772829110221,DECODE,35000ms,657,0,DefaultDispatcher-worker-3
1772829110222,PROCESS,35000ms,0,0,DefaultDispatcher-worker-3
1772829110344,DECODE,38000ms,671,0,DefaultDispatcher-worker-10
1772829110345,PROCESS,38000ms,0,0,DefaultDispatcher-worker-10
1772829110423,DECODE,37000ms,660,0,DefaultDispatcher-worker-4
1772829110423,PROCESS,37000ms,0,0,DefaultDispatcher-worker-4
1772829110527,DECODE,41000ms,501,0,DefaultDispatcher-worker-7
1772829110527,PROCESS,41000ms,0,0,DefaultDispatcher-worker-7
1772829110643,DECODE,44000ms,616,0,DefaultDispatcher-worker-13
1772829110644,PROCESS,44000ms,0,0,DefaultDispatcher-worker-13
1772829110747,DECODE,40000ms,687,0,DefaultDispatcher-worker-20
1772829110750,PROCESS,40000ms,0,0,DefaultDispatcher-worker-20
1772829110837,DECODE,43000ms,647,0,DefaultDispatcher-worker-11
1772829110838,PROCESS,43000ms,0,0,DefaultDispatcher-worker-11
1772829110947,DECODE,42000ms,662,0,DefaultDispatcher-worker-15
1772829110948,PROCESS,42000ms,0,0,DefaultDispatcher-worker-15
1772829111047,DECODE,44000ms,518,0,DefaultDispatcher-worker-2
1772829111047,PROCESS,44000ms,0,0,DefaultDispatcher-worker-2
1772829111146,DECODE,41000ms,614,0,DefaultDispatcher-worker-10
1772829111147,PROCESS,41000ms,0,0,DefaultDispatcher-worker-10
1772829111242,DECODE,40000ms,648,0,DefaultDispatcher-worker-17
1772829111243,PROCESS,40000ms,0,0,DefaultDispatcher-worker-17
1772829111337,DECODE,43000ms,628,0,DefaultDispatcher-worker-7
1772829111338,PROCESS,43000ms,0,0,DefaultDispatcher-worker-7
1772829111456,DECODE,42000ms,630,0,DefaultDispatcher-worker-13
1772829111457,PROCESS,42000ms,0,0,DefaultDispatcher-worker-13
1772829111549,DECODE,49000ms,502,0,DefaultDispatcher-worker-15
1772829111550,PROCESS,49000ms,0,0,DefaultDispatcher-worker-15
1772829111657,DECODE,46000ms,609,0,DefaultDispatcher-worker-11
1772829111658,PROCESS,46000ms,0,0,DefaultDispatcher-worker-11
1772829111748,DECODE,47000ms,634,0,DefaultDispatcher-worker-12
1772829111749,PROCESS,47000ms,0,0,DefaultDispatcher-worker-12
1772829111839,DECODE,45000ms,627,0,DefaultDispatcher-worker-2
1772829111840,PROCESS,45000ms,0,0,DefaultDispatcher-worker-2
1772829111928,DECODE,48000ms,618,0,DefaultDispatcher-worker-10
1772829111928,PROCESS,48000ms,0,0,DefaultDispatcher-worker-10
1772829112041,DECODE,46000ms,479,0,DefaultDispatcher-worker-17
1772829112041,PROCESS,46000ms,0,0,DefaultDispatcher-worker-17
1772829112133,DECODE,45000ms,568,0,DefaultDispatcher-worker-7
1772829112134,PROCESS,45000ms,0,0,DefaultDispatcher-worker-7
1772829112230,DECODE,49000ms,602,0,DefaultDispatcher-worker-1
1772829112232,PROCESS,49000ms,0,0,DefaultDispatcher-worker-1
1772829112323,DECODE,47000ms,596,0,DefaultDispatcher-worker-15
1772829112324,PROCESS,47000ms,0,0,DefaultDispatcher-worker-15
1772829112419,DECODE,48000ms,609,0,DefaultDispatcher-worker-11
1772829112420,PROCESS,48000ms,0,0,DefaultDispatcher-worker-11
1772829112525,DECODE,52000ms,500,0,DefaultDispatcher-worker-12
1772829112526,PROCESS,52000ms,0,0,DefaultDispatcher-worker-12
1772829112630,DECODE,54000ms,597,0,DefaultDispatcher-worker-2
1772829112631,PROCESS,54000ms,0,0,DefaultDispatcher-worker-2
1772829112729,DECODE,51000ms,625,0,DefaultDispatcher-worker-14
1772829112729,PROCESS,51000ms,0,0,DefaultDispatcher-worker-14
1772829112829,DECODE,50000ms,613,0,DefaultDispatcher-worker-17
1772829112830,PROCESS,50000ms,0,0,DefaultDispatcher-worker-17
1772829112942,DECODE,53000ms,645,0,DefaultDispatcher-worker-7
1772829112943,PROCESS,53000ms,0,0,DefaultDispatcher-worker-7
1772829113028,DECODE,50000ms,508,0,DefaultDispatcher-worker-1
1772829113028,PROCESS,50000ms,0,0,DefaultDispatcher-worker-1
1772829113130,DECODE,52000ms,608,0,DefaultDispatcher-worker-16
1772829113130,PROCESS,52000ms,0,0,DefaultDispatcher-worker-16
1772829113234,DECODE,51000ms,635,0,DefaultDispatcher-worker-4
1772829113235,PROCESS,51000ms,0,0,DefaultDispatcher-worker-4
1772829113331,DECODE,53000ms,640,0,DefaultDispatcher-worker-12
1772829113332,PROCESS,53000ms,0,0,DefaultDispatcher-worker-12
1772829113402,DECODE,54000ms,608,0,DefaultDispatcher-worker-2
1772829113403,PROCESS,54000ms,0,0,DefaultDispatcher-worker-2
1772829113513,DECODE,58000ms,480,0,DefaultDispatcher-worker-6
1772829113517,PROCESS,58000ms,0,0,DefaultDispatcher-worker-6
1772829113602,DECODE,57000ms,565,0,DefaultDispatcher-worker-15
1772829113602,PROCESS,57000ms,0,0,DefaultDispatcher-worker-15
1772829113687,DECODE,55000ms,586,0,DefaultDispatcher-worker-11
1772829113687,PROCESS,55000ms,0,0,DefaultDispatcher-worker-11
1772829113768,DECODE,56000ms,568,0,DefaultDispatcher-worker-1
1772829113768,PROCESS,56000ms,0,0,DefaultDispatcher-worker-1
1772829113870,DECODE,59000ms,574,0,DefaultDispatcher-worker-16
1772829113871,PROCESS,59000ms,0,0,DefaultDispatcher-worker-16
1772829113947,DECODE,58000ms,430,0,DefaultDispatcher-worker-9
1772829113948,PROCESS,58000ms,0,0,DefaultDispatcher-worker-9
1772829114041,DECODE,56000ms,513,0,DefaultDispatcher-worker-14
1772829114042,PROCESS,56000ms,0,0,DefaultDispatcher-worker-14
1772829114138,DECODE,57000ms,547,0,DefaultDispatcher-worker-4
1772829114139,PROCESS,57000ms,0,0,DefaultDispatcher-worker-4
1772829114234,DECODE,55000ms,572,0,DefaultDispatcher-worker-6
1772829114235,PROCESS,55000ms,0,0,DefaultDispatcher-worker-6
1772829114339,DECODE,59000ms,586,0,DefaultDispatcher-worker-15
1772829114339,PROCESS,59000ms,0,0,DefaultDispatcher-worker-15
1772829114437,DECODE,60000ms,461,0,DefaultDispatcher-worker-11
1772829114438,PROCESS,60000ms,0,0,DefaultDispatcher-worker-11
1772829114567,DECODE,60000ms,122,0,DefaultDispatcher-worker-15
1772829114568,PROCESS,60000ms,0,0,DefaultDispatcher-worker-15
